,name,SNR,Loss
0,BM3D_64_1024_-15_BM3DType.SINO,1.99918649621,1570.10292114
1,BM3D_64_1024_-10_BM3DType.SINO,4.60761031806,1179.77090393
2,BM3D_64_1024_-5_BM3DType.SINO,7.42029580116,892.216681519
3,BM3D_64_1024_0_BM3DType.SINO,9.93212961197,714.20897522


4,BM3D_64_1024_-15_BM3DType.RECO,1.53934805734,1677.5883905
5,BM3D_64_1024_-10_BM3DType.RECO,4.97467885,1137.6485141
6,BM3D_64_1024_-5_BM3DType.RECO,8.09311972939,833.616664985
7,BM3D_64_1024_0_BM3DType.RECO,10.7943722948,664.447449076
