,name,SNR,Loss
0,FBP_64_1024_-20,-15.0676155619,10737.330375
1,FBP_64_1024_-15,-10.0876641356,5987.79045658
2,FBP_64_1024_-10,-5.16583064263,3425.31770668
3,FBP_64_1024_-5,-0.185398629916,1973.45469282
4,FBP_64_1024_0,4.57052450546,1167.59646885