,name,SNR,Loss
0,FBP_64_1024_-15,-10.2241625452,6101.74442871
1,FBP_64_1024_-10,-5.24508909881,3454.14366943
2,FBP_64_1024_-5,-0.30920562312,1982.23714355
3,FBP_64_1024_0,4.49737943888,1182.29590088
