,name,SNR,Loss
0,UNET_64_1024_-15,1.86723730832,1545.36662109
1,UNET_64_1024_-10,4.34444969654,1235.04569397
2,UNET_64_1024_-5,6.1842068243,1054.12612244
3,UNET_64_1024_0,7.12865809917,977.727723389
