,name,SNR,Loss
0,UNET_64_1024_-20,-0.921629991395,2131.48844036
1,UNET_64_1024_-15,1.94042616475,1522.44353108
2,UNET_64_1024_-10,4.50038885245,1214.14036438
3,UNET_64_1024_-5,6.34113088503,1044.68752495
4,UNET_64_1024_0,7.18005477393,968.781769281